customer_id,first_name,last_name,email,age,gender,county,state,signup_date
M-1874,Monica,Duran,monica.duran.84@example.com,54,Female,Adams County,Colorado,2022-01-27
K-8887,James,Rodriguez,james.rdz202@example-mail.org,32,Male,Orange County,California,2024-11-19
O-5013,Jemma,Davies,jemma.davies91@mail-example.net,42,Female,Miami-Dade County,Florida,2023-05-19
N-6421,Youngil,Kim,ykim.Youngil77@temp-mail.io,34,Male,Clark County,Nevada,2023-08-09
Z-3452,Seungmin,Noh,seungmin.noh3@example.com,36,Male,Mesa County,Colorado,2024-01-22
G-8712,Thomas,Ellis,t.ellis592@mail-example.net,52,Male,Orange County,Texas,2023-02-19
P-5424,Robin,Wright,rwright.2025@example-mail.org,32,Male,Philadelphia County,Pennsylvania,2024-10-24
P-9536,Louis,Carter,louis.carter88@temp-mail.io,34,Male,Berks County,Pennsylvania,2023-12-17
F-9812,Kathy,Garrett,kathy.garrett41@example.com,59,Female,San Bernardino County,California,2023-04-27
R-4203,Kathryn,Calderon,k.calderon09@mail-example.net,19,Female,Riverside County,California,2022-01-19
F-9917,David,Powell,dpowell.761@example-mail.org,44,Male,Los Angeles County,California,2023-05-13
N-7339,Ethan,West,ethan.west24@temp-mail.io,54,Male,Riverside County,California,2024-01-05
M-0029,Patricia,Cooper,p.cooper583@example.com,31,Female,Bucks County,Pennsylvania,2024-03-12
R-0849,Michael,Maxwell,mmaxwell.92@mail-example.net,42,Male,Los Angeles County,California,2023-12-24
T-5719,Lee,Allen,lee.allen305@example-mail.org,50,Male,Stanislaus County,California,2024-12-24
A-7623,Nicole,Clark,nicole.clark76@temp-mail.io,20,Female,Maricopa County,Arizona,2023-05-02
D-6091,Jennifer,Adkins,j.adkins419@example.com,46,Female,Mohave County,Arizona,2022-02-23
K-8848,Tiffany,Leon,tiffany.leon58@mail-example.net,46,Female,San Diego County,California,2024-09-23
R-1451,Laura,Smith,laura.smith821@example-mail.org,45,Female,Kings County,California,2024-10-06
K-1778,Gerald,Dorsey,gdorsey.33@temp-mail.io,43,Male,Pinellas County,Florida,2024-08-05
T-9399,Kristen,Wilson,kristen.wilson47@example.com,43,Female,Harris County,Texas,2023-03-04
J-4672,Katherine,Hernandez,k.hernandez904@mail-example.net,34,Female,San Joaquin County,California,2024-09-21
G-9898,Seungmin,Kim,seungmin.k202@example-mail.org,32,Male,Los Angeles County,California,2023-09-16
M-2361,Tsubasa,Yamazaki,tsubasa.yama12@temp-mail.io,21,Male,Manatee County,Florida,2024-02-24
Y-1058,Miyoung,Park,miyoung.park9@example.com,29,Female,Palm Beach County,Florida,2024-05-07
A-8412,Aaron,Davies,aaron.davies67@mail-example.net,32,Male,Los Angeles County,California,2023-04-08
Q-9981,Mandy,Webb,mandy.webb305@example-mail.org,46,Female,Seminole County,Florida,2022-03-19
H-9546,Yuta,Tanaka,yuta.tanaka41@temp-mail.io,18,Male,Broward County,Florida,2024-05-22
I-5879,Bhanumati,Shroff,b.shroff88@example.com,28,Female,Monterey County,California,2024-05-01
G-4609,Jessica,Carpenter,jess.carpenter72@mail-example.net,49,Female,Pinellas County,Florida,2024-12-13
H-7895,Brian,Yu,brian.yu519@example-mail.org,24,Male,Wichita County,Texas,2023-06-22
R-3282,Naoko,Sato,naoko.sato23@temp-mail.io,28,Female,El Paso County,Texas,2024-08-12
L-1069,Alexis,Mccoy,alexis.mccoy94@example.com,54,Female,Riverside County,California,2024-07-01
M-8976,Anne,Finch,anne.finch307@mail-example.net,45,Female,Polk County,Florida,2024-08-16
F-7154,Timothy,Arroyo,tim.arroyo65@example-mail.org,41,Male,Pima County,Arizona,2022-02-28
R-1148,Jennifer,Rose,jennifer.rose581@temp-mail.io,38,Female,Denton County,Texas,2024-11-21
O-1852,Jessica,West,jessica.west29@example.com,25,Female,Marin County,California,2024-10-22
T-6979,Amber,Hansen,amber.hansen73@mail-example.net,51,Female,Montgomery County,Pennsylvania,2024-01-13
L-8895,Caroline,Singh,caroline.singh40@example-mail.org,26,Female,Hidalgo County,Texas,2023-05-23
N-9761,Michael,Williams,michael.williams822@temp-mail.io,24,Male,Los Angeles County,California,2024-11-06
L-8886,Kimberly,Ramirez,kim.ramirez51@example.com,33,Female,Contra Costa County,California,2023-11-27
F-3553,Jeongnam,Kim,jeongnam.kim7@mail-example.net,20,Male,Broward County,Florida,2024-01-29
P-8024,Shirley,Grant,shirley.grant306@example-mail.org,34,Female,Sacramento County,California,2024-06-21
P-7639,Sanghyun,Kim,sanghyun.kim44@temp-mail.io,39,Male,Washoe County,Nevada,2022-03-23
C-7538,Natasha,Gibbs,natasha.gibbs89@example.com,51,Female,Santa Clara County,California,2023-08-02
N-3672,Haruka,Goto,haruka.goto12@mail-example.net,28,Female,Broward County,Florida,2024-09-18
F-4956,Tiffany,Wilson,tiffany.wilson603@example-mail.org,38,Female,Tarrant County,Texas,2024-11-28
P-5998,Chiyo,Takahashi,chiyo.takahashi31@temp-mail.io,27,Female,Los Angeles County,California,2023-02-27
P-4141,Allan,Howard,allan.howard75@example.com,20,Male,Lackawanna County,Pennsylvania,2023-04-14
W-0069,Jennifer,Silva,jennifer.silva408@mail-example.net,55,Female,Tulare County,California,2022-03-23
T-7895,Diamond,Golden,diamond.golden22@example-mail.org,45,Female,Jefferson County,Colorado,2024-02-07
Z-6720,Suzanne,Lyons,suzanne.lyons59@temp-mail.io,46,Female,Tulare County,California,2023-11-10
S-4792,Andrea,Welch,andrea.welch304@example.com,41,Female,Kern County,California,2024-08-14
R-7222,Henry,Ben,henry.ben91@mail-example.net,41,Male,Hillsborough County,Florida,2024-11-17
U-0449,Beth,Alvarez,beth.alvarez67@example-mail.org,49,Female,Clark County,Nevada,2023-08-16
U-2503,Monique,Richardson,monique.richardson83@temp-mail.io,43,Female,Tarrant County,Texas,2024-09-07
S-4603,Charles,Harrell,charles.harrell50@example.com,42,Male,Los Angeles County,California,2024-09-11
A-2793,Jennifer,Oliver,jennifer.oliver276@mail-example.net,40,Female,Brazos County,Texas,2023-08-24
G-8954,Jessica,Wood,jessica.wood419@example-mail.org,21,Female,Pinal County,Arizona,2024-02-18
N-7101,Stephanie,Gibbs,stephanie.gibbs38@temp-mail.io,36,Female,Riverside County,California,2023-11-07
B-1202,Judy,Scott,judy.scott705@example.com,34,Female,San Diego County,California,2022-01-07
E-5616,Kayla,Foster,kayla.foster192@mail-example.net,36,Female,Los Angeles County,California,2023-04-13
K-4820,Sara,Walker,sara.walker831@example-mail.org,41,Female,Bell County,Texas,2024-01-29
M-7258,Hiroki,Fukuda,hiroki.fukuda44@temp-mail.io,40,Male,Smith County,Texas,2023-08-28
E-2899,Hemani,Dube,hemani.dube71@example.com,48,Female,Sutter County,California,2023-10-22
J-5122,David,Garcia,david.garcia509@mail-example.net,28,Male,Manatee County,Florida,2023-09-07
R-1176,Sukja,Choi,sukja.choi27@example-mail.org,41,Female,Lubbock County,Texas,2024-06-23
L-8496,Yoichi,Hasegawa,yoichi.hase88@temp-mail.io,36,Male,San Diego County,California,2023-09-16
E-8944,Scott,Chan,scott.chan305@example.com,26,Male,Pinellas County,Florida,2023-05-06
E-0585,Lynda,Hudson,lynda.hudson62@mail-example.net,57,Female,Alachua County,Florida,2023-09-18
U-0905,Sayuri,Tanaka,sayuri.tanaka19@example-mail.org,47,Female,Broward County,Florida,2024-02-01
D-1480,Debra,Zuniga,debra.zuniga74@temp-mail.io,44,Female,Miami-Dade County,Florida,2023-07-18
F-4615,Umang,Narayanan,umang.narayanan41@example.com,29,Male,Dallas County,Texas,2024-07-04
D-5189,James,Johnson,james.johnson928@mail-example.net,50,Male,Los Angeles County,California,2024-09-02
M-1537,Chaaya,Sama,chaaya.sama33@example-mail.org,44,Female,Broward County,Florida,2023-08-10
H-6996,Sara,Robles,sara.robles507@temp-mail.io,44,Female,Bucks County,Pennsylvania,2024-01-18
R-8211,Marcus,Brooks,marcus.brooks69@example.com,35,Male,Pima County,Arizona,2022-02-14
H-2739,Vanessa,Warren,vanessa.warren82@mail-example.net,36,Female,Palm Beach County,Florida,2024-04-19
L-8483,Ruben,Aguilar,ruben.aguilar305@example-mail.org,34,Male,Sacramento County,California,2022-01-01
I-3396,Fariq,Hegde,fariq.hedge17@temp-mail.io,28,Male,Sacramento County,California,2023-03-06
C-1437,Veer,Mall,veer.mall59@example.com,32,Male,Maricopa County,Arizona,2022-02-08
E-2739,Seohyun,Lee,seohyun.lee821@mail-example.net,35,Female,Los Angeles County,California,2023-03-27
K-5546,Kim,Nixon,kim.nixon44@example-mail.org,33,Female,Bell County,Texas,2024-07-10
Z-1700,Jihu,Yun,jihu.yun73@temp-mail.io,46,Male,Fort Bend County,Texas,2023-05-17
S-4443,Eunseo,Lee,eunseo.lee306@example.com,31,Female,Miami-Dade County,Florida,2023-05-23
R-0542,Jennifer,Oneill,jennifer.oneill59@mail-example.net,28,Female,Riverside County,California,2024-08-18
K-3841,Ruth,Hall,ruth.hall821@example-mail.org,46,Female,Los Angeles County,California,2024-12-05
S-9540,Tracy,House,tracy.house47@temp-mail.io,48,Female,Lackawanna County,Pennsylvania,2023-11-28
E-2534,Vanessa,Roberts,vanessa.roberts92@example.com,39,Female,Lehigh County,Pennsylvania,2023-12-02
B-1520,Tanya,Lamb,tanya.lamb305@mail-example.net,49,Female,Yolo County,California,2024-09-12
C-5556,Valerie,Tran,valerie.tran67@example-mail.org,26,Female,San Diego County,California,2023-04-10
O-1313,John,Hardy,john.hardy419@temp-mail.io,31,Male,Los Angeles County,California,2024-05-15
I-3439,Raymond,Huber,raymond.huber88@example.com,47,Male,Lehigh County,Pennsylvania,2024-09-10
F-7313,Ashley,Dean,ashley.dean504@mail-example.net,41,Male,Sacramento County,California,2024-06-06
L-9533,Dawn,Duran,dawn.duran71@example-mail.org,37,Female,Orange County,California,2022-02-17
D-2882,Deborah,Gonzales,deborah.gonzales33@temp-mail.io,33,Female,Miami-Dade County,Florida,2023-02-16
R-2179,Vincent,Narain,vincent.narain59@example.com,34,Male,Maricopa County,Arizona,2024-10-20
D-2795,Alan,Palmer,alan.palmer822@mail-example.net,18,Male,Leon County,Florida,2024-02-06
V-4880,Gwangsu,Park,gwangsu.park41@example-mail.org,41,Male,Pinellas County,Florida,2024-03-01
Y-9254,Ronald,Clark,ronald.clark705@temp-mail.io,49,Male,Webb County,Texas,2023-06-12
O-7819,Bradley,Barnett,bradley.barnett92@example.com,30,Male,Williamson County,Texas,2022-02-02
G-1524,Max,Bahri,max.bahri307@mail-example.net,32,Male,Clark County,Nevada,2024-08-10
L-4389,Seongsu,Kang,seongsu.kang58@example-mail.org,31,Male,Rockwall County,Texas,2023-05-03
I-9014,Susan,Graham,susan.graham821@temp-mail.io,29,Female,Santa Clara County,California,2024-07-07
U-7969,Kevin,Smith,kevin.smith509@example.com,28,Male,Adams County,Colorado,2024-12-11
M-1455,Kevin,Walters,kevin.walters276@mail-example.net,70,Male,Carson City,Nevada,2023-04-02
E-2732,Bhavika,Bhargava,bhavika.bhargava44@example-mail.org,47,Female,Coconino County,Arizona,2022-01-31
O-8374,Tami,Salas,tami.salas71@temp-mail.io,28,Female,Alameda County,California,2024-12-03
R-9238,Angel,Curtis,angel.curtis305@example.com,49,Female,Larimer County,Colorado,2023-03-08
T-7779,Ishwar,Varghese,ishwar.varghese88@mail-example.net,21,Male,Los Angeles County,California,2023-05-14
P-6493,Christopher,Anderson,chris.anderson592@example-mail.org,43,Male,Los Angeles County,California,2024-12-14
U-8625,Hyejin,Lee,hyejin.lee419@temp-mail.io,46,Female,Palm Beach County,Florida,2023-08-22
F-7857,Chiyo,Ito,chiyo.ito73@example.com,18,Female,Mohave County,Arizona,2023-08-12
R-4140,Gwangsu,Lee,gwangsu.lee507@mail-example.net,32,Male,San Bernardino County,California,2023-06-11
K-7129,Tiffany,Reeves,tiffany.reeves29@example-mail.org,52,Female,Los Angeles County,California,2024-06-01
Y-4061,Gwangsu,Kang,gwangsu.kang62@temp-mail.io,38,Male,Los Angeles County,California,2022-03-11
Y-3762,Syuhei,Saito,syuhei.saito94@example.com,23,Male,Brevard County,Florida,2024-04-07
D-2019,Pauline,Wright,pauline.wright831@mail-example.net,22,Female,Miami-Dade County,Florida,2024-01-12
B-1588,Tomoya,Nakamura,tomoya.nakamura41@example-mail.org,34,Male,Miami-Dade County,Florida,2023-10-24
Y-0622,Mikako,Yamada,mikako.yamada75@temp-mail.io,22,Female,Volusia County,Florida,2024-09-09
P-3982,Joshua,Cook,joshua.cook509@example.com,26,Male,Sarasota County,Florida,2023-08-24
G-7400,Chiyo,Suzuki,chiyo.suzuki306@mail-example.net,23,Female,Shasta County,California,2023-07-12
S-6659,Seonyeong,Eom,seonyeong.eom58@example-mail.org,45,Female,Los Angeles County,California,2023-04-12
O-7729,Ian,Kemp,ian.kemp822@temp-mail.io,32,Male,Osceola County,Florida,2024-06-15
D-7187,Tamara,Osborn,tamara.osborn47@example.com,43,Female,Miami-Dade County,Florida,2024-06-14
L-1924,Daniel,Johnson,daniel.johnson705@mail-example.net,37,Male,Boulder County,Colorado,2023-07-27
L-2561,Hyeonju,Kim,hyeonju.kim92@example-mail.org,31,Female,Duval County,Florida,2024-03-22
C-1039,Troy,White,troy.white419@temp-mail.io,37,Male,Dallas County,Texas,2024-06-22
C-1087,Kana,Miura,kana.miura73@example.com,30,Female,Hidalgo County,Texas,2024-08-03
L-9081,Teresa,Miller,teresa.miller507@mail-example.net,41,Female,Erie County,Pennsylvania,2024-12-27
D-1183,Henry,Barnes,henry.barnes29@example-mail.org,37,Male,Riverside County,California,2023-03-17
J-8157,Mathew,Wall,mathew.wall62@temp-mail.io,44,Male,Los Angeles County,California,2024-07-04
U-7217,Courtney,Simmons,courtney.simmons94@example.com,44,Female,Los Angeles County,California,2023-07-13
C-4983,Rushil,Saini,rushil.saini831@mail-example.net,28,Male,Kaufman County,Texas,2023-04-10
K-8277,Helen,Jordan,helen.jordan41@example-mail.org,50,Female,Tarrant County,Texas,2024-09-26
F-5211,Akira,Matsumoto,akira.matsumoto75@temp-mail.io,30,Male,Hidalgo County,Texas,2023-08-01
Z-8117,Casey,Hernandez,casey.hernandez509@example.com,48,Male,Orange County,California,2024-11-21
J-6689,Osha,Aurora,osha.aurora306@mail-example.net,40,Female,Delaware County,Pennsylvania,2023-10-10
B-4955,Victoria,Richardson,victoria.richardson58@example-mail.org,23,Female,Alameda County,California,2024-11-04
F-8891,Susan,Fowler,susan.fowler822@temp-mail.io,51,Female,Kings County,California,2023-02-21
J-0564,Daniel,Allen,daniel.allen47@example.com,26,Male,Los Angeles County,California,2023-11-01
C-0928,Soonok,Kim,soonok.kim705@mail-example.net,39,Female,Sacramento County,California,2023-08-29
U-6602,Michael,Brown,michael.brown592@example-mail.org,29,Male,Pinal County,Arizona,2023-05-11
Q-7961,Grace,Kirk,grace.kirk419@temp-mail.io,43,Female,Clark County,Nevada,2024-06-21
D-8366,Donald,Tyler,donald.tyler73@example.com,27,Male,Denton County,Texas,2024-11-24
G-7302,Carolyn,Thornton,carolyn.thornton507@mail-example.net,54,Female,Sarasota County,Florida,2024-03-01
P-8060,Bruce,Russell,bruce.russell29@example-mail.org,20,Male,Cameron County,Texas,2023-03-01
B-9445,Shelley,Andrews,shelley.andrews62@temp-mail.io,52,Female,Santa Cruz County,California,2023-03-31
L-3085,Edward,Roberts,edward.roberts94@example.com,41,Male,Ventura County,California,2022-02-20
U-5672,Beth,Bernard,beth.bernard831@mail-example.net,52,Female,Yolo County,California,2023-08-07
M-5051,Janice,Ortiz,janice.ortiz41@example-mail.org,34,Female,Yolo County,California,2023-04-22
D-2459,Jeremiah,Riley,jeremiah.riley75@temp-mail.io,25,Male,Dallas County,Texas,2024-05-21
A-7953,Aaron,Atkinson,aaron.atkinson509@example.com,34,Male,Caldwell County,Texas,2024-06-27
H-0062,Naoko,Ikeda,naoko.ikeda306@mail-example.net,36,Female,Los Angeles County,California,2023-05-17
Q-6676,Derek,Mahoney,derek.mahoney58@example-mail.org,57,Male,Galveston County,Texas,2024-10-02
H-1467,Nicholas,Gaines,nicholas.gaines822@temp-mail.io,67,Male,Los Angeles County,California,2024-04-23
J-1417,Glenn,Wilkinson,glenn.wilkinson47@example.com,38,Male,Lee County,Florida,2023-11-06
Z-3674,Nichole,Rivera,nichole.rivera705@mail-example.net,53,Female,Escambia County,Florida,2023-05-18
W-0537,Youngsu,Lee,youngsu.lee592@example-mail.org,22,Male,Harrison County,Texas,2024-04-18
F-8179,Juan,Reyes,juan.reyes419@temp-mail.io,19,Male,Los Angeles County,California,2023-03-22
Y-1210,Charles,Schmidt,charles.schmidt73@example.com,49,Male,San Diego County,California,2024-02-27
G-8909,Colin,Terry,colin.terry507@mail-example.net,35,Male,Hillsborough County,Florida,2023-12-26
S-6778,Omya,Minhas,omya.minhas29@example-mail.org,28,Female,Santa Barbara County,California,2024-03-03
A-8187,Minji,Lee,minji.lee62@temp-mail.io,30,Female,Pinal County,Arizona,2023-09-15
E-6353,Ricky,Woodward,ricky.woodward94@example.com,65,Male,Miami-Dade County,Florida,2023-11-03
V-6856,Jihu,Choi,jihu.choi831@mail-example.net,38,Male,Hidalgo County,Texas,2023-02-24
K-2526,Eileen,Farrell,eileen.farrell41@example-mail.org,50,Female,Lancaster County,Pennsylvania,2024-08-10
O-2923,Christopher,Rowland,chris.rowland75@temp-mail.io,37,Male,San Diego County,California,2023-08-28
E-2400,Tomo,Nakagawa,tomo.nakagawa509@example.com,36,Female,Pinellas County,Florida,2023-02-21
T-6575,Justin,Robinson,justin.robinson306@mail-example.net,24,Male,Yuma County,Arizona,2022-02-18
R-5594,Christopher,Schmidt,c.schmidt58@example-mail.org,62,Male,Broward County,Florida,2023-12-28
Y-1670,Jason,Soto,jason.soto822@temp-mail.io,25,Male,Hidalgo County,Texas,2024-06-22
H-6339,Steven,Jones,steven.jones47@example.com,54,Male,Alameda County,California,2024-10-23
Q-3494,Yochana,Kaur,yochana.kaur705@mail-example.net,31,Female,Miami-Dade County,Florida,2024-05-17
Y-1505,Stephen,Thompson,stephen.thompson592@example-mail.org,47,Male,Broward County,Florida,2024-02-22
J-0916,Heather,Perez,heather.perez419@temp-mail.io,45,Female,San Bernardino County,California,2022-02-09
B-8882,Michelle,Fitzpatrick,michelle.fitz73@example.com,37,Female,Los Angeles County,California,2024-06-17
E-7257,Brent,Jordan,brent.jordan507@mail-example.net,40,Male,Miami-Dade County,Florida,2023-04-16
P-8786,Chloe,Moss,chloe.moss29@example-mail.org,21,Female,Kern County,California,2023-05-13
P-2794,Briana,Walker,briana.walker62@temp-mail.io,42,Female,Los Angeles County,California,2022-03-07
I-7548,Sai,Chokshi,sai.chokshi94@example.com,25,Male,San Joaquin County,California,2024-07-01
L-5300,Maanav,Raju,maanav.raju831@mail-example.net,50,Male,Riverside County,California,2023-06-09
R-3033,Ana,Burton,ana.burton41@example-mail.org,27,Female,Solano County,California,2022-02-18
R-3976,Seohyun,Kim,seohyun.kim75@temp-mail.io,35,Female,Santa Cruz County,California,2022-02-20
G-4949,Christina,Nash,christina.nash509@example.com,53,Female,Erie County,Pennsylvania,2023-10-13
C-4660,Manan,Tata,manan.tata306@mail-example.net,45,Male,Los Angeles County,California,2024-07-11
X-7874,Kenichi,Ito,kenichi.ito58@example-mail.org,36,Male,Madera County,California,2023-08-23
E-6791,Gabrielle,Cook,gabrielle.cook822@temp-mail.io,32,Female,Yolo County,California,2024-05-20
K-6054,Ronith,Chaudhry,ronith.chaudhry47@example.com,34,Male,Los Angeles County,California,2022-02-15
N-7030,Robin,Woods,robin.woods705@mail-example.net,33,Female,Harris County,Texas,2023-09-28
N-2581,Yumiko,Ito,yumiko.ito592@example-mail.org,45,Female,Fresno County,California,2023-07-12
Q-5486,Lisa,Arnold,lisa.arnold419@temp-mail.io,41,Female,Los Angeles County,California,2024-02-14
K-0366,Simon,Watson,simon.watson73@example.com,50,Male,Riverside County,California,2024-03-22
R-3949,Doyun,Kim,doyun.kim507@mail-example.net,25,Male,Tom Green County,Texas,2024-09-20
G-6837,Shannon,Pearce,shannon.pearce29@example-mail.org,49,Female,Pueblo County,Colorado,2023-08-18
O-0288,Yujin,Lee,yujin.lee62@temp-mail.io,37,Female,Pinellas County,Florida,2023-10-06
N-6691,Jun,Matsumoto,jun.matsumoto94@example.com,18,Male,Brevard County,Florida,2024-09-13
S-7944,Teresa,Welch,teresa.welch831@mail-example.net,23,Female,Maricopa County,Arizona,2024-07-13
V-9503,Cassandra,Valentine,cass.valentine41@example-mail.org,38,Female,Larimer County,Colorado,2024-04-17
F-3870,Carla,Brown,carla.brown75@temp-mail.io,39,Female,Washoe County,Nevada,2023-11-11
R-0370,Glenn,Medina,glenn.medina509@example.com,45,Male,San Bernardino County,California,2023-05-08
U-4330,Samar,Chacko,samar.chacko306@mail-example.net,42,Male,Denton County,Texas,2023-07-17
Q-3604,Minjun,Park,minjun.park58@example-mail.org,27,Male,Los Angeles County,California,2024-12-22
R-2379,Joseph,Cummings,joseph.cummings822@temp-mail.io,39,Male,Lee County,Florida,2023-04-11
H-6553,Jagdish,Ramanathan,jagdish.raman47@example.com,41,Male,San Diego County,California,2024-12-13
K-5894,Debra,Austin,debra.austin705@mail-example.net,43,Female,Charlotte County,Florida,2024-06-30
B-1204,Varsha,Shroff,varsha.shroff592@example-mail.org,43,Female,Harris County,Texas,2023-08-12
F-7320,Breanna,Mata,breanna.mata419@temp-mail.io,46,Female,Pima County,Arizona,2023-02-24
J-7588,Robert,Adams,robert.adams73@example.com,57,Male,Madera County,California,2024-01-12
B-4183,Ayushman,Batra,ayushman.batra507@mail-example.net,19,Male,Los Angeles County,California,2024-09-28
N-5407,Savannah,Prince,savannah.prince29@example-mail.org,22,Female,San Bernardino County,California,2023-06-11
L-1364,Akira,Takahashi,akira.takahashi62@temp-mail.io,19,Male,Jones County,Texas,2024-04-05
L-5159,Miki,Abe,miki.abe94@example.com,49,Female,Jefferson County,Texas,2024-02-27
E-5714,Bethany,Hawkins,bethany.hawkins831@mail-example.net,35,Female,Broward County,Florida,2024-08-03
F-7537,Hyeonji,Cha,hyeonji.cha41@example-mail.org,23,Female,Maricopa County,Arizona,2023-12-06
O-6575,Joel,Kent,joel.kent75@temp-mail.io,52,Male,Los Angeles County,California,2023-08-15
U-7218,Qarin,Wali,qarin.wali509@example.com,44,Male,Rockwall County,Texas,2023-06-30
F-2343,Henry,Wilson,henry.wilson306@mail-example.net,41,Male,Polk County,Florida,2024-09-05
L-8773,Michael,Brown,mbrown.2025b@example-mail.org,37,Male,Miami-Dade County,Florida,2024-06-24
P-0461,Matthew,Perry,matthew.perry822@temp-mail.io,23,Male,San Bernardino County,California,2024-05-20
C-9792,John,Walker,john.walker47@example.com,43,Male,Orange County,California,2023-04-27
J-5982,Joshua,Merritt,joshua.merritt705@mail-example.net,34,Male,Palm Beach County,Florida,2022-03-02
I-2596,Yui,Fukuda,yui.fukuda592@example-mail.org,43,Female,Brazos County,Texas,2024-01-18
D-2533,Ashley,Tran,ashley.tran419@temp-mail.io,36,Female,Clark County,Nevada,2023-09-09
D-3124,Eric,Brown,eric.brown73@example.com,49,Male,Los Angeles County,California,2023-05-21
F-3656,Ekalinga,Koshy,ekalinga.koshy507@mail-example.net,46,Male,Broward County,Florida,2024-09-17
A-0892,Seojun,Park,seojun.park29@example-mail.org,28,Male,Wichita County,Texas,2023-03-28
T-6036,Takuma,Kato,takuma.kato62@temp-mail.io,26,Male,Broward County,Florida,2022-02-21
O-5341,Seongmin,Kim,seongmin.kim94@example.com,30,Male,Escambia County,Florida,2024-02-20
V-0555,Kristen,Goodman,kristen.goodman831@mail-example.net,24,Female,Maricopa County,Arizona,2024-04-15
A-3731,Karen,Wright,karen.wright41@example-mail.org,28,Female,Merced County,California,2024-10-06
I-3918,Tammy,Ewing,tammy.ewing75@temp-mail.io,56,Female,Tarrant County,Texas,2023-09-22
I-1370,Jessica,Miller,jessica.miller509@example.com,47,Female,Washoe County,Nevada,2024-06-09
V-5888,Diane,Reed,diane.reed306@mail-example.net,26,Female,Randall County,Texas,2023-12-28
Y-9078,Garry,Price,garry.price58@example-mail.org,30,Male,San Bernardino County,California,2023-12-19
J-9903,Yolanda,Hicks,yolanda.hicks822@temp-mail.io,28,Female,McLennan County,Texas,2024-01-08
K-3330,James,Phillips,james.phillips47@example.com,37,Male,Hernando County,Florida,2022-03-28
Z-4117,Rebecca,Jackson,rebecca.jackson705@mail-example.net,39,Female,San Bernardino County,California,2024-08-26
U-6975,Courtney,Dudley,courtney.dudley592@example-mail.org,23,Female,Fort Bend County,Texas,2023-10-18
W-6514,Emily,Bailey,emily.bailey419@temp-mail.io,30,Female,Douglas County,Colorado,2022-01-06
F-0274,Daniel,Williams,daniel.williams73@example.com,30,Male,San Bernardino County,California,2023-05-15
H-0000,David,Miller,david.miller507@mail-example.net,56,Male,Tarrant County,Texas,2023-06-16
T-9679,Kayla,Taylor,kayla.taylor29@example-mail.org,32,Female,Los Angeles County,California,2024-04-19
